date,off_5v5_mu,def_5v5_mu,off_spec_mu,def_spec_mu
2024-10-04,"[-0.18, -0.01, -0.01, -0.04, 0.07, -0.175, 0.14, -0.09, 0.1, -0.08, 0.25, 0.04, -0.01, -0.13, -0.07, 0.1, 0.085, -0.02, -0.01, -0.05, -0.05, 0.04, -0.19, -0.13, -0.1, -0.02, 0.15, 0.03, 0.08, 0.034, -0.04, 0.016]","[-0.07, 0.02, -0.11, -0.07, 0.109, -0.07, -0.03, -0.2, 0.11, -0.05, 0.07, 0.15, 0.04, 0.14, -0.1, 0.01, -0.06, 0.07, 0.05, 0.01, 0.05, -0.08, -0.21, 0.075, -0.05, -0.02, 0.08, -0.03, 0.15, 0.04, -0.02, 0.06]","[-0.08, 0.035, -0.06, -0.06, 0.06, -0.13, 0.15, -0.19, 0.1, 0.02, 0.13, 0.07, 0.07, 0.04, -0.09, 0.015, -0.05, -0.07, 0.08, 0.03, -0.11, -0.1, -0.15, -0.02, -0.03, 0.11, 0.1, 0.02, 0.08, -0.05, -0.05, -0.06]","[-0.3, 0.09, -0.02, 0.0, 0.11, 0.02, -0.008, -0.03, 0.1, -0.011, 0.02, 0.04, 0.025, -0.1, -0.15, -0.015, 0.05, 0.025, 0.12, -0.06, 0.08, 0.0, -0.05, 0.012, -0.03, 0.11, 0.06, -0.11, 0.05, 0.05, 0.05, 0.025]"
2024-10-05,"[-0.17084785378778417, -0.0015875534299980162, 0.00272048268410286, -0.02975377025725751, 0.07889636851543867, -0.16575788777853512, 0.1493520789273147, -0.08184577116275477, 0.10924156043177473, -0.07157898122692363, 0.2593681512820103, 0.04787127413577108, -0.0014412330387590846, -0.12062636122437659, -0.0613267298885958, 0.10960319788550625, 0.07191099238446459, -0.010977054891602655, -0.0018084461574077587, -0.04110488179908203, -0.039860179098065475, 0.049428952913110814, -0.18130947286460872, -0.12087209659344292, -0.09111183388879025, -0.010092767032481019, 0.16037500661139015, 0.03876890659729847, 0.08789366114169007, 0.04272316703374511, -0.031037954210516357, 0.024787027787364007]","[-0.07233311810927494, 0.017269146372741604, -0.09021990967979472, -0.07258360393067499, 0.10679398329215137, -0.072269778928708, -0.03294927785785577, -0.2019642725189209, 0.10857512108507292, -0.05135967791032078, 0.06845533916201844, 0.14740242376527815, 0.0362628433561393, 0.13698003665413597, -0.10376215823188581, 0.007401194727097356, -0.06826699035293579, 0.06891560155014881, 0.04676547634701861, 0.0066069244384685194, 0.04687818344053128, -0.08178389432109401, -0.21203452869663597, 0.0716725087471784, -0.051997441580013855, -0.020496720413148373, 0.07619254353256105, -0.033594225714335756, 0.14718167155655823, 0.03812664996256612, -0.022410391969202543, 0.05654634222513604]","[-0.07415259133303635, 0.04184985568148465, -0.06291672094662079, -0.05407357414069954, 0.06694051224048383, -0.12157074272631047, 0.1553191547922895, -0.18462270630915611, 0.10630124958332199, 0.026739729096303223, 0.13712239533851098, 0.07639185553216532, 0.07669837783981694, 0.047640761214467246, -0.0827078969372111, 0.021398623108589365, -0.052120319944420374, -0.06398660001943997, 0.08546584638609879, 0.034424443681611454, -0.10304290555695839, -0.09359536461080604, -0.14525006454576647, -0.013399143985017582, -0.022707765780463872, 0.11647930476099085, 0.10575302975157949, 0.027617990609033877, 0.08890306469322468, -0.043802431993963546, -0.04396378941988764, -0.05313357606021393]","[-0.30546887890552743, 0.0834029536475996, -0.017137642841570416, -0.005863272321023913, 0.10315808722437121, 0.015403022346592672, -0.011167520731029754, -0.03443598024030835, 0.09513141267775373, -0.016332728127224933, 0.015750251939397792, 0.033861865808683334, 0.02043649331930012, -0.1047720570844895, -0.15569483765638684, -0.021598642904048997, 0.05346608706564632, 0.01958948717680406, 0.11457816130212348, -0.06552114003616744, 0.07594624613908707, -0.006478387619627128, -0.05643456670467513, 0.008718483633189448, -0.03476959874566845, 0.10408462950120634, 0.052631410134377325, -0.11497228385017365, 0.04423236567340555, 0.04603599114477424, 0.04527869460196436, 0.018941894431645265]"
2024-10-06,"[-0.16854623524908094, -0.00044118114054494457, -0.01998685110514165, -0.029488975798859604, 0.0794626517135847, -0.16589760396316272, 0.15064158166572944, -0.08150158654208464, 0.11016477788512773, -0.07198647917391685, 0.2600430646345084, 0.04807951127759245, -0.001337248416250119, -0.11969471058798994, -0.06115101073456385, 0.1100547902266577, 0.07812593424249224, -0.010004769614939624, -0.0021030452000935108, -0.04152704126082545, -0.040019821293295114, 0.050677289046649705, -0.18167564147634194, -0.12081061949506082, -0.09094127403251759, -0.008968675978684348, 0.16154256290039237, 0.03898721024167951, 0.08882537800156544, 0.043809690209694496, -0.03000494222141924, 0.025673271239098763]","[-0.07180708640903986, 0.01568471738441191, -0.09565359245145975, -0.07375326501428701, 0.1057077228630867, -0.07241943670311618, -0.03204364500087104, -0.20262288236314663, 0.10919950583935602, -0.050729787039378436, 0.06694847356283837, 0.1465131413391246, 0.036509320064242526, 0.13682728165236127, -0.104851191925442, 0.007148319714602204, -0.04521383883077341, 0.06807015700264478, 0.04542115556161919, 0.005378505568645944, 0.04618241866063102, -0.08202936381814904, -0.21387401811025147, 0.07055065876983906, -0.05228430227543921, -0.021744983646866063, 0.07553819635890058, -0.03435295356597639, 0.1471903753862151, 0.037136568005685634, -0.02235558609744312, 0.055729415517434676]","[-0.07356973752671095, 0.04176708492924721, -0.0705953554764529, -0.054138878749334006, 0.06676285022542483, -0.1221077784245076, 0.1551437512989361, -0.18430078154961813, 0.10579363544619526, 0.025140394967859303, 0.13610540043896413, 0.07986846702347225, 0.07711698810390664, 0.048214988736082376, -0.08202218006844332, 0.022048799808862634, -0.04855856166605547, -0.06265992071118687, 0.08466509121516524, 0.03443123091970158, -0.10331949986835298, -0.09306399603172263, -0.1434554394925269, -0.012690349801583272, -0.02331926013539844, 0.11497070548730874, 0.10594559601740328, 0.027852335502266817, 0.08926082171804534, -0.04283011657385442, -0.044822332889310805, -0.05363395287378302]","[-0.30454024800360385, 0.08477206634006906, -0.020490153180699675, -0.005724083051162381, 0.10115470191507489, 0.013216486254432794, -0.011594879814586284, -0.035230469027271775, 0.0943295556598154, -0.017121262172282353, 0.01401921268578323, 0.032044851558589424, 0.022323621422876555, -0.10573324272335856, -0.15540204424796353, -0.022319795620350573, 0.06138474342289578, 0.01885450620912049, 0.11584861686081072, -0.06513286297047981, 0.07646354751812694, -0.005292745753676216, -0.05695819559959105, 0.009848420345982626, -0.03492597770584491, 0.10375964735331027, 0.051298890931330866, -0.11611346280145737, 0.045335485172103056, 0.045663540470428365, 0.04696727620538339, 0.01929425234619451]"
2024-10-07,"[-0.16854623524908094, -0.00044118114054494457, -0.01998685110514165, -0.029488975798859604, 0.0794626517135847, -0.16589760396316272, 0.15064158166572944, -0.08150158654208464, 0.11016477788512773, -0.07198647917391685, 0.2600430646345084, 0.04807951127759245, -0.001337248416250119, -0.11969471058798994, -0.06115101073456385, 0.1100547902266577, 0.07812593424249224, -0.010004769614939624, -0.0021030452000935108, -0.04152704126082545, -0.040019821293295114, 0.050677289046649705, -0.18167564147634194, -0.12081061949506082, -0.09094127403251759, -0.008968675978684348, 0.16154256290039237, 0.03898721024167951, 0.08882537800156544, 0.043809690209694496, -0.03000494222141924, 0.025673271239098763]","[-0.07180708640903986, 0.01568471738441191, -0.09565359245145975, -0.07375326501428701, 0.1057077228630867, -0.07241943670311618, -0.03204364500087104, -0.20262288236314663, 0.10919950583935602, -0.050729787039378436, 0.06694847356283837, 0.1465131413391246, 0.036509320064242526, 0.13682728165236127, -0.104851191925442, 0.007148319714602204, -0.04521383883077341, 0.06807015700264478, 0.04542115556161919, 0.005378505568645944, 0.04618241866063102, -0.08202936381814904, -0.21387401811025147, 0.07055065876983906, -0.05228430227543921, -0.021744983646866063, 0.07553819635890058, -0.03435295356597639, 0.1471903753862151, 0.037136568005685634, -0.02235558609744312, 0.055729415517434676]","[-0.07356973752671095, 0.04176708492924721, -0.0705953554764529, -0.054138878749334006, 0.06676285022542483, -0.1221077784245076, 0.1551437512989361, -0.18430078154961813, 0.10579363544619526, 0.025140394967859303, 0.13610540043896413, 0.07986846702347225, 0.07711698810390664, 0.048214988736082376, -0.08202218006844332, 0.022048799808862634, -0.04855856166605547, -0.06265992071118687, 0.08466509121516524, 0.03443123091970158, -0.10331949986835298, -0.09306399603172263, -0.1434554394925269, -0.012690349801583272, -0.02331926013539844, 0.11497070548730874, 0.10594559601740328, 0.027852335502266817, 0.08926082171804534, -0.04283011657385442, -0.044822332889310805, -0.05363395287378302]","[-0.30454024800360385, 0.08477206634006906, -0.020490153180699675, -0.005724083051162381, 0.10115470191507489, 0.013216486254432794, -0.011594879814586284, -0.035230469027271775, 0.0943295556598154, -0.017121262172282353, 0.01401921268578323, 0.032044851558589424, 0.022323621422876555, -0.10573324272335856, -0.15540204424796353, -0.022319795620350573, 0.06138474342289578, 0.01885450620912049, 0.11584861686081072, -0.06513286297047981, 0.07646354751812694, -0.005292745753676216, -0.05695819559959105, 0.009848420345982626, -0.03492597770584491, 0.10375964735331027, 0.051298890931330866, -0.11611346280145737, 0.045335485172103056, 0.045663540470428365, 0.04696727620538339, 0.01929425234619451]"
2024-10-08,"[-0.16854623524908094, -0.00044118114054494457, -0.01998685110514165, -0.029488975798859604, 0.0794626517135847, -0.16589760396316272, 0.15064158166572944, -0.08150158654208464, 0.11016477788512773, -0.07198647917391685, 0.2600430646345084, 0.04807951127759245, -0.001337248416250119, -0.11969471058798994, -0.06115101073456385, 0.1100547902266577, 0.07812593424249224, -0.010004769614939624, -0.0021030452000935108, -0.04152704126082545, -0.040019821293295114, 0.050677289046649705, -0.18167564147634194, -0.12081061949506082, -0.09094127403251759, -0.008968675978684348, 0.16154256290039237, 0.03898721024167951, 0.08882537800156544, 0.043809690209694496, -0.03000494222141924, 0.025673271239098763]","[-0.07180708640903986, 0.01568471738441191, -0.09565359245145975, -0.07375326501428701, 0.1057077228630867, -0.07241943670311618, -0.03204364500087104, -0.20262288236314663, 0.10919950583935602, -0.050729787039378436, 0.06694847356283837, 0.1465131413391246, 0.036509320064242526, 0.13682728165236127, -0.104851191925442, 0.007148319714602204, -0.04521383883077341, 0.06807015700264478, 0.04542115556161919, 0.005378505568645944, 0.04618241866063102, -0.08202936381814904, -0.21387401811025147, 0.07055065876983906, -0.05228430227543921, -0.021744983646866063, 0.07553819635890058, -0.03435295356597639, 0.1471903753862151, 0.037136568005685634, -0.02235558609744312, 0.055729415517434676]","[-0.07356973752671095, 0.04176708492924721, -0.0705953554764529, -0.054138878749334006, 0.06676285022542483, -0.1221077784245076, 0.1551437512989361, -0.18430078154961813, 0.10579363544619526, 0.025140394967859303, 0.13610540043896413, 0.07986846702347225, 0.07711698810390664, 0.048214988736082376, -0.08202218006844332, 0.022048799808862634, -0.04855856166605547, -0.06265992071118687, 0.08466509121516524, 0.03443123091970158, -0.10331949986835298, -0.09306399603172263, -0.1434554394925269, -0.012690349801583272, -0.02331926013539844, 0.11497070548730874, 0.10594559601740328, 0.027852335502266817, 0.08926082171804534, -0.04283011657385442, -0.044822332889310805, -0.05363395287378302]","[-0.30454024800360385, 0.08477206634006906, -0.020490153180699675, -0.005724083051162381, 0.10115470191507489, 0.013216486254432794, -0.011594879814586284, -0.035230469027271775, 0.0943295556598154, -0.017121262172282353, 0.01401921268578323, 0.032044851558589424, 0.022323621422876555, -0.10573324272335856, -0.15540204424796353, -0.022319795620350573, 0.06138474342289578, 0.01885450620912049, 0.11584861686081072, -0.06513286297047981, 0.07646354751812694, -0.005292745753676216, -0.05695819559959105, 0.009848420345982626, -0.03492597770584491, 0.10375964735331027, 0.051298890931330866, -0.11611346280145737, 0.045335485172103056, 0.045663540470428365, 0.04696727620538339, 0.01929425234619451]"
2024-10-09,"[-0.1725961706060137, 0.01838034773981814, -0.024522516925287265, -0.035328497332888176, 0.07504395250351961, -0.14106162782164958, 0.1465708811690895, -0.08618979767699197, 0.10579242936546059, -0.07579562276824396, 0.25531874916529435, 0.09317209849495223, -0.00635900473599158, -0.12452399242055076, -0.06603735450067277, 0.1050324901967444, 0.07280726008098944, -0.015084565495090305, -0.007506289222492958, -0.04674990962788119, -0.04602707891527367, 0.045941769104204534, -0.18767411449103136, -0.09115430941685974, -0.08994956717765311, -0.014194568732068704, 0.15840118751031898, 0.04353071535091477, 0.08345892002382932, 0.03934425251576932, -0.03330483276658336, 0.02126476741231895]","[-0.06679120447898135, -0.029720411029445802, -0.08999357663211882, -0.0677181960571107, 0.10978658402170254, -0.07592108267538956, -0.028027033259392858, -0.19850847145421777, 0.11310535261674691, -0.046750938191382506, 0.07199385824104014, 0.12627633261481466, 0.04133803958862297, 0.1416664551430696, -0.1010408733657334, 0.011450023631705053, -0.039095550145530046, 0.07345890456031531, 0.04862060511351046, 0.010416567711774096, 0.051335092847385806, -0.07734124381448305, -0.20844108859576627, 0.07012674674820193, -0.08188707337225286, -0.017333841896438034, 0.08120650638375884, -0.060251608524999584, 0.15242874554409563, 0.043195303019120904, -0.018693519137870755, 0.06111059484524845]","[-0.07120458486879623, 0.0577472803994791, -0.0705303228444487, -0.05478193467131628, 0.06563579513511025, -0.13004859806702904, 0.15469622169591876, -0.18430747940053557, 0.10568805119186633, 0.026067887462333884, 0.13709665064928162, 0.08361110544519533, 0.07689012818532455, 0.048463868941148326, -0.08280454626743064, 0.020901022919374766, -0.04910741170915467, -0.06341241525961609, 0.08324552999792086, 0.034318389406929654, -0.10300036486722522, -0.09327617317350667, -0.14282307038228959, -0.02237805386160999, -0.018954513694632122, 0.11501738173343856, 0.10790723223867021, 0.01882956817768319, 0.09169757382005182, -0.04293683937849251, -0.045821575569655396, -0.052425803383988535]","[-0.304513910817, 0.08154895045905032, -0.018765603767596645, -0.008257655927197998, 0.10270935409590791, 0.020205921653377066, -0.011870717968132431, -0.03499843917326106, 0.09286497333026435, -0.01823753084380994, 0.014168909443758062, 0.01641648634192391, 0.021886082447110773, -0.10666264419930285, -0.15538262471281586, -0.020955708816818325, 0.061643268597621204, 0.018239151807364816, 0.11688160648101387, -0.06548728281991524, 0.07653234652970202, -0.005198446159808936, -0.05575274882093673, 0.005268844006740585, -0.026178414181973676, 0.10357087361058698, 0.05252028274873544, -0.10951481436025211, 0.04575424355807991, 0.046224159862390146, 0.04625699239533461, 0.019084095199859787]"
2024-10-10,"[-0.17136579102303917, 0.02234146208013691, -0.022240909445312748, -0.050580774685407504, 0.07719133850721215, -0.13924998046981737, 0.1432661785967883, -0.0842329659207138, 0.1075432714904204, -0.07362522302060287, 0.2511422372398697, 0.09567320862498291, -0.0047496661653086, -0.12243659868931409, -0.08571080327273327, 0.10866335294154188, 0.07570539596093305, -0.012135679395330563, 0.03956147016109129, -0.04508937922536973, -0.04468458978444889, 0.0635899752505394, -0.18565338773262774, -0.08760812071486714, -0.08698021199104457, -0.011981152666065352, 0.12255418662048857, 0.0437883169979503, 0.07781110933018293, 0.021705263496127, -0.031374016465860535, 0.009162483369599222]","[-0.06879881951030145, -0.031385772881255526, -0.0921290592367815, -0.061977086737803756, 0.10669977041773095, -0.07823718856403368, -0.009138596990295417, -0.20133519156537683, 0.11083738640428184, -0.04758417181850439, 0.0821585161819009, 0.12382461998431636, 0.039878293609461116, 0.13916180133355585, -0.06490861662470275, 0.007379308538397043, -0.04064050132914358, 0.07096103427373994, 0.03155124951626502, 0.0085337911221725, 0.05010142714457794, -0.12329605033974075, -0.21121514039543826, 0.06728939060224462, -0.08463615048713195, -0.019132705615723042, 0.10163362547776565, -0.0628342216567095, 0.16651223034966087, 0.04547790449861398, -0.020690874367338616, 0.06593979866559642]","[-0.0717985266129593, 0.05581634145667217, -0.07274147703220697, -0.03905418597700342, 0.06528421598962457, -0.1314763199870267, 0.15604655659839067, -0.18539226150422095, 0.10433347156798355, 0.026131679939852215, 0.12589043232980368, 0.08111398605599686, 0.07623694296794198, 0.04776364418160012, -0.08089863329668456, 0.020848728280946565, -0.05161441981210133, -0.06595244549863122, 0.08661133555130772, 0.033387791892831094, -0.10555414635410033, -0.10283878243426409, -0.14404976697490593, -0.025072265032192016, -0.020166130383168827, 0.11178991800035337, 0.10767718385120302, 0.015857614356267334, 0.10635141323977367, -0.028248262163782654, -0.046106795092322246, -0.05017683810497817]","[-0.3028018205740028, 0.08278298798547122, -0.018094261891148437, -0.02149655675240757, 0.10427470883563025, 0.02238481756496332, -0.025550253004649574, -0.034256038683060895, 0.09370820201327676, -0.016152668727490372, 0.010751751436100878, 0.016037484668205707, 0.023051999992733316, -0.10466376880713106, -0.15519577441530097, -0.018233845046114413, 0.06395429060713526, 0.01930601781229178, 0.12384192552728716, -0.06278154830995543, 0.07736167519487128, -0.0076440336285546135, -0.05526964329500608, 0.0067534913034952414, -0.023438326897688783, 0.10478594468047475, 0.0497424815212573, -0.10837717483197715, 0.03133443898430449, 0.043592024828061314, 0.04934216469071991, 0.03094930721820818]"
2024-10-11,"[-0.164970908059523, 0.0229199813942307, -0.023167981234688988, -0.04390811634970029, 0.08312246139052733, -0.13323344705739204, 0.1494152492910841, -0.08187630401309343, 0.09297895593605845, -0.09198237438988242, 0.2579357801003004, 0.09611082806567213, -0.03754861524310492, -0.1410091927163514, -0.07897010614229485, 0.1049435794638997, 0.058956220712515696, -0.04167709221802725, 0.044861592956851874, -0.06143326739073301, -0.03762207032669251, 0.0859058349784109, -0.1937466595021926, -0.08063842927563954, -0.05758667936002641, -0.0051944067775173165, 0.11572983544036988, 0.05639368646947271, 0.08528331583812969, 0.02862955020957674, -0.0242145780679748, 0.015593355877734492]","[-0.07450589033998564, -0.03819243521134929, -0.05940258529537045, -0.06731613770818955, 0.1004983719494743, -0.08366449840050398, -0.015363092897521398, -0.18063366321577035, 0.1145711213217578, -0.06877671977074204, 0.07440666466055638, 0.1411916962952738, 0.03964561197640409, 0.13514349757866234, -0.06573620412960438, 0.022438726679595032, -0.033114315056974285, 0.05731633941775952, 0.02339020924348013, 0.010052206353895176, 0.04414922475230171, -0.1059556297196704, -0.2408645980895335, 0.06059299244645415, -0.07801325633706367, -0.025709242688312737, 0.12006761468685784, -0.0347035351260264, 0.15852174863426557, 0.03899278227592432, -0.02783336570379679, 0.05880636141775275]","[-0.07285922718411628, 0.05680461946530329, -0.06945729231204203, -0.039616892290193856, 0.06346395479705745, -0.13371224534438175, 0.15448305831350875, -0.19368425347013768, 0.10743231809992755, 0.015422735036472318, 0.12423030857615004, 0.07063927377402013, 0.0776353378722007, 0.05040269274247705, -0.07788964950569534, 0.023032423156517812, -0.04714480880156658, -0.05255432042990601, 0.0843325725372649, 0.03585339663103915, -0.10655411101835632, -0.09824015218679542, -0.12858635020515385, -0.02594739696176539, -0.028834374190070032, 0.10965095559671154, 0.09796947928026319, 0.030221554665828126, 0.10487695692020438, -0.03066976450595036, -0.04793662877849653, -0.05276417028031897]","[-0.29964848193588856, 0.07809391941309807, -0.01948929301343687, -0.020617047502449064, 0.10696379070952328, 0.023022970346426648, -0.025259714071250654, -0.033784538764180305, 0.09021164839823739, -0.01888970093974971, 0.010967491300695287, 0.014071265042561069, 0.020734456600968343, -0.09618066876017134, -0.1551515095857925, -0.020279744732290488, 0.07301714141814011, 0.0030336529794489516, 0.12491923127921248, -0.05186657790767044, 0.07751663142719833, 0.0033072711664129733, -0.046276448527875456, 0.009023596060936815, -0.038462190979423314, 0.1068001425122259, 0.046096338983256706, -0.12225599246991233, 0.03314377646972126, 0.044572708584857186, 0.04971907634306324, 0.03294680015410705]"
2024-10-12,"[-0.162298443566642, 0.024279572418381412, -0.02027791910619535, -0.041765149951393174, 0.09179813849538529, -0.13056905060439694, 0.15307377646217288, -0.08025145215416458, 0.09543766283868729, -0.08979760226387944, 0.2609032135041485, 0.09894898703959555, -0.03540093297531459, -0.13870339641199397, -0.07648833446203265, 0.10801519931026032, 0.06127713719505789, -0.03943740867298795, 0.04727683429600656, -0.058913891901289636, -0.05839624040756728, 0.08884131872378116, -0.19146793222447173, -0.07837762166022512, -0.06011772870396367, -0.01634142186963523, 0.11777245104110694, 0.05991100151994849, 0.06351937482841352, 0.02404985023821888, -0.0214832009965709, 0.004983210021559583]","[-0.07618707548538409, -0.04043400419944488, -0.06134257394782004, -0.07044526706978842, 0.11069203847666563, -0.0750199236822056, -0.017238907019509777, -0.1837877310935005, 0.1117097402601294, -0.07036773923085185, 0.0726675603453833, 0.13947119063884164, 0.0375209488293299, 0.13221677268485443, -0.06909939921366665, 0.020569180399132678, -0.03527406715875672, 0.054604836294887035, 0.020265161134568676, 0.008045905263629832, 0.0666902809462562, -0.10864113988024011, -0.24248014628465359, 0.058672942366966095, -0.07411753392612533, -0.03429731765045088, 0.11734653651642782, -0.037203607786410416, 0.1775961848105932, 0.04297774193207465, -0.030596620814473095, 0.05548603354354147]","[-0.07181902797807146, 0.058364950076992377, -0.06940263888074197, -0.038932302981935535, 0.053826972242252365, -0.13984067169779135, 0.15416393702040954, -0.19206365273639903, 0.10876005830801684, 0.014675723462612152, 0.12591404767354825, 0.07196122817619269, 0.07680651565166967, 0.051607806804092056, -0.0751412834984873, 0.023199808974013688, -0.04670753534140636, -0.05096216294287903, 0.08473913420692118, 0.03607257467637527, -0.10174155794815609, -0.09816447948262161, -0.12869938424445942, -0.025285562101501645, -0.024444110915485935, 0.12463233795689989, 0.09742144140673875, 0.03045834941275701, 0.09701430233638457, -0.0385808837240827, -0.04904192281763142, -0.0587920110942254]","[-0.3008526642297262, 0.0787249691747864, -0.019403035488623564, -0.021458082816746493, 0.09041232301483206, 0.030964279380377276, -0.027114702559515046, -0.03391347084768962, 0.09045697775408218, -0.019922060522801453, 0.009640542873585492, 0.01461452502883345, 0.019009761848393848, -0.09700419930121806, -0.15400274815093243, -0.020493535030148845, 0.07231247264736196, 0.002881665762129544, 0.12559115704666643, -0.052893167381275634, 0.08474535415306088, 0.003326065682917913, -0.04714356219512503, 0.008404323840651066, -0.029874147217393607, 0.11561164098928177, 0.04430112912080989, -0.12221006539420919, 0.029126042633048656, 0.04032934560310086, 0.04863904206681795, 0.03719382251466753]"
2024-10-13,"[-0.15896764244548578, 0.020763225068530386, -0.02020373508666999, -0.03501189277176908, 0.09132051321638888, -0.16931879031732627, 0.1825546466175855, -0.09271795781078383, 0.09961380231107579, -0.09212671049676549, 0.2932195295400361, 0.09993330597730456, -0.04861063337497675, -0.1531969680913261, -0.08037929778487606, 0.12342549615222899, 0.06551848053010528, -0.04576053403195298, 0.06246245159308182, -0.05786810296160517, -0.06606183972559247, 0.07462646530503178, -0.1867895480667033, -0.09988059419096142, -0.059501605894253774, -0.016218803488365678, 0.1343351083468789, 0.06381590856733647, 0.06379729297158995, 0.022253829050829847, -0.019082198024602662, 0.004056799316012591]","[-0.07972443684194419, -0.02714889093844627, -0.06244158563490374, -0.06415589440695706, 0.11106406749566258, -0.10633274049958229, -0.00437811596000494, -0.21293616824550687, 0.1184164643094005, -0.08562286969720859, 0.11138613698515805, 0.13768692152544762, 0.0419080089767522, 0.15344307190569662, -0.06920617345743642, 0.025393733566949614, -0.03879103468859907, 0.048203568811055725, 0.0189307121836505, 0.011209575026026732, 0.06021003947598493, -0.12615363210902808, -0.24501304085611963, 0.07188614853864753, -0.07377031352114148, -0.03458319607166842, 0.13087698272704137, -0.050882684789570705, 0.1777528223029694, 0.04216592654577132, -0.03594150233542424, 0.05654809967732726]","[-0.07903922555815361, 0.05165210990450914, -0.07585102159291508, -0.04617673280073756, 0.05678537009157831, -0.11011198410267722, 0.16980624585689924, -0.19944232308177878, 0.10000045620747164, 0.006485167896779835, 0.13091817179545184, 0.07642008251270016, 0.07029615076309155, 0.056521744066993986, -0.06985720436373412, 0.015054941600938256, -0.05319260815000191, -0.05606562582128209, 0.0865885801420903, 0.02852956675507798, -0.0961677350520559, -0.09162512070611219, -0.13849832751604876, -0.021550894334327796, -0.024383356243861697, 0.12533291953671014, 0.09016016887721584, 0.03727299041457999, 0.09713650899269326, -0.038284116223831835, -0.04230313256471555, -0.05641176730254734]","[-0.2912638959964923, 0.08551140317803896, -0.023744488877407207, -0.027405361104174637, 0.08812397734888104, 0.028550481783422607, -0.0208465565555233, -0.04905994023990491, 0.09619867472964143, -0.012611641616451312, -0.02075628217125724, 0.019425289014510315, 0.025030226357070116, -0.10049446953094694, -0.14560947270240118, -0.012061021074605969, 0.06846359408761064, 0.010382958990164235, 0.1193170628803728, -0.056719609684736404, 0.09174752711619841, 0.010558323752682005, -0.04254547896772742, 0.0035526357765097286, -0.031197265959096377, 0.11311515733243967, 0.03903716659549957, -0.12337086715255614, 0.02899668899334584, 0.0391014520735224, 0.05376704010814693, 0.0368066915152246]"
2024-10-14,"[-0.11912566919269739, 0.01860325475002344, -0.022262095285860962, -0.007695281928213754, 0.08945292308715153, -0.1702362120640513, 0.18300574956743632, -0.09476267717458761, 0.0980154620879415, -0.09384447878386457, 0.27710984822850315, 0.09769428275547719, -0.047795368185515684, -0.14597128407560897, -0.08183843918526457, 0.12152649780893578, 0.06397637569949172, -0.046857551526850054, 0.060247268926112374, -0.0592788394154599, -0.06712204213227281, 0.07302358355918541, -0.1886715688530558, -0.11034346279511442, -0.06078549932675974, -0.018840680673058118, 0.132010665452096, 0.061789766270765246, 0.06249208773782001, 0.016097947793186535, -0.020008613018079324, 0.00039404989218872464]","[-0.07518574666593944, -0.024828869607578487, -0.06006754373601941, -0.04687837109508323, 0.11266515808771921, -0.1042026785738725, -0.0025698976264090204, -0.2125690508102003, 0.1274519692071021, -0.08356687842336283, 0.08434407379678815, 0.13888279596402386, 0.0423712006699451, 0.15652960654939022, -0.06809076522975271, 0.026703966485108883, -0.0367126417621423, 0.049302877627643134, 0.02121046609363782, 0.01439417768073061, 0.06227226769278994, -0.1243454522071228, -0.24377437455463632, 0.07232935475232277, -0.07174603835064722, -0.03358797234758272, 0.13226065810071885, -0.04936553346953659, 0.17732931950810932, 0.0036153238938102846, -0.03412174354315323, 0.0499503418931988]","[-0.08283043029990743, 0.05167736566264307, -0.07594418218408219, -0.052494321198812144, 0.05804848477048257, -0.10892279343318305, 0.17316609609677322, -0.196057418399858, 0.09281291054214182, 0.009006391500038945, 0.12297445464752309, 0.07599648952642729, 0.07129450262285317, 0.05169001997487414, -0.06793864273855045, 0.016708023291094554, -0.04961612349096536, -0.05610456664935294, 0.0888230028021441, 0.028976984670602668, -0.09484207262280764, -0.08850473196442524, -0.1370529410848354, -0.027480379926518004, -0.021717654433585476, 0.12658767944964291, 0.0920405823000509, 0.03991503954870503, 0.09939013217550656, -0.033581779131177845, -0.04130994859002262, -0.0647101734334203]","[-0.2940600602037089, 0.08194470247193292, -0.024764535808714145, -0.01895132542550242, 0.08612050377131611, 0.026518837894089955, -0.02336100413621361, -0.051676596635192515, 0.10310481202679372, -0.014524949125593292, -0.013325859425096828, 0.01813180517168315, 0.022396133721457306, -0.09331892753360596, -0.14855532118090242, -0.013472777778780006, 0.06549448313287566, 0.009474898183974732, 0.11744145220317259, -0.05881249560486616, 0.08970555274838415, 0.008668686767022274, -0.04366895946270689, 0.01015862898963739, -0.03310751186275023, 0.11176672977243163, 0.03794633875120161, -0.12328293223274793, 0.027100580987400667, 0.04414098787618646, 0.05191257012768483, 0.04285555181913602]"
2024-10-15,"[-0.11754299696670378, -0.007759703909783741, -0.019776325874766222, -0.007308243860103749, 0.09070581178838029, -0.16866206459511207, 0.1841303135947808, -0.09278038106260136, 0.09939218788586197, -0.08367265035164215, 0.27880430212598445, 0.07517795031402885, -0.05559861904069053, -0.14349760811422108, -0.08382801189570524, 0.12292962877232466, 0.04776533716545178, -0.025329230968665087, 0.03817474992093749, -0.054408277862999205, -0.06623382603681464, 0.11724877400968867, -0.18578085586717485, -0.10858203106515593, -0.05897647415921697, -0.016790707963992565, 0.13343194260259267, 0.04359412904510078, 0.06352417276741709, 0.018151537627802417, -0.018266759405758174, 0.0017639313807553498]","[-0.07591684856411239, -0.0028260719066297256, -0.06274672001194298, -0.04787737478778597, 0.11209009939174071, -0.10585143599913278, -0.023739189857112226, -0.2142858869773903, 0.1263091645585198, -0.06325335404528071, 0.08262823261068959, 0.16452208299837454, 0.03903834709133961, 0.15527610347430088, -0.11113013255376276, 0.024488269207230757, -0.018714022739106797, 0.05061095777130567, 0.0112495918354961, 0.021017051760930928, 0.059501231876959264, -0.12418043131050867, -0.24563415663815408, 0.07011783403693439, -0.07365131858747291, -0.03416253044115635, 0.12994550149143408, -0.03294228843623494, 0.17523457675815193, 0.0025089887212529447, -0.035509320745366425, 0.04788305001648876]","[-0.08544443740863106, 0.04027661957019558, -0.0776992510758854, -0.053772517252660086, 0.05557052052278724, -0.11021350989760376, 0.16150821832525444, -0.19975253553356517, 0.08898708698471573, -0.00038572464232718124, 0.1204955590276033, 0.0891838966036939, 0.09724530563092414, 0.04857072680289432, -0.0666204119868724, 0.014068711150265934, -0.03796243920932938, -0.0544424104639061, 0.08946889596880404, 0.06707280576469836, -0.09608827234047837, -0.09885042932104052, -0.13889053804772908, -0.02919985768221918, -0.022730354020148485, 0.12731266148416215, 0.08923750760311629, 0.0301055636785067, 0.09826544107046337, -0.0350762918049572, -0.04250633209199698, -0.0677342074087351]","[-0.2915382874248167, 0.06878278426740601, -0.022561183422057488, -0.016371326876487496, 0.08987751569323876, 0.026848186203132406, -0.025417617492411174, -0.05044589658122753, 0.1046773378888531, -0.015151480617583257, -0.010354055673736696, 0.0292553476179681, -0.015453602453760608, -0.09042186968150756, -0.13806314682237858, -0.01170498705943509, 0.07446832730073553, 0.02128706176802471, 0.1269076102859086, -0.08218030711360279, 0.0931156588369213, 0.007104244682177679, -0.04301078871685071, 0.01216840567430457, -0.03047030379098596, 0.11217401907609931, 0.0407995644259283, -0.13708531502870952, 0.028692575485056132, 0.04695736590811607, 0.05148658308758909, 0.04562758055409149]"
2024-10-16,"[-0.11794786230247359, -0.00819165724272539, -0.020009950066216017, -0.026993892574977547, 0.11379149568161542, -0.1581102477559944, 0.18310757382444884, -0.08046392728558172, 0.10031750312774639, -0.08468960411487292, 0.2575439062098474, 0.033085431979798616, -0.056320114567198105, -0.1494998044022005, -0.08396442433429788, 0.09507368447967378, 0.06854617243731437, -0.02607095725866393, 0.037843617343071075, -0.054780798657163135, -0.07162770185652773, 0.11613800484928943, -0.16113732507756917, -0.11334453534922082, -0.04805864591892613, 0.0187994142415184, 0.1324081369286117, 0.04445236373410155, 0.055269129181057426, -0.004127744881186962, 0.007940784030336349, 0.0010219755973652094]","[-0.07527556454898016, -0.0013355953392648497, -0.06369946861496772, -0.05819140370257191, 0.08975619060802015, -0.08662765736240496, -0.021848464784529485, -0.17388504936236698, 0.10217902119081948, -0.06448264612041713, 0.08857267192575405, 0.1527193773440692, 0.04005016371688231, 0.14439708482402233, -0.11017268321728448, 0.03143622864359802, -0.04101665996070584, 0.05099182151508469, 0.01179914040846118, 0.022221698978950575, 0.08002192962334777, -0.12313359111134066, -0.24747066930994446, 0.09890053803469748, -0.06763775812516656, -0.024500693339281364, 0.13011371995775195, -0.03377087503511071, 0.13967693044958404, -0.024444345895943492, -0.014631095349189003, 0.04928770395842658]","[-0.0842507619424595, 0.0419443334561004, -0.07624142974950064, -0.06008473422421094, 0.04865660077385502, -0.11530047549522862, 0.1625901599942697, -0.1924649735251122, 0.08098126062871658, 0.0014616692668140989, 0.11255522225153713, 0.08160811559299874, 0.0995861045726767, 0.06517913268005233, -0.06619314325157316, 0.008079325196790452, -0.042562120786833614, -0.052548314020213024, 0.09160030010085173, 0.0705461753344346, -0.07911857553246114, -0.09774707859782715, -0.14416170544317702, -0.03564453426103659, -0.031522470480282845, 0.12028797942135998, 0.09072003064643071, 0.03173848918513824, 0.10440671579182798, -0.030467757547950943, -0.03687625857909975, -0.0667572814568872]","[-0.29177659435468534, 0.06625176528097051, -0.02379921035089378, -0.010453495820330387, 0.09535624834730458, 0.03349310789790854, -0.02622626853938627, -0.04325790275542387, 0.10910128216748374, -0.017124318341020812, -0.029322505633757795, 0.023597211935504063, -0.01638923274700881, -0.08231928227708114, -0.1417155787546052, -0.005864717870397235, 0.08346173339967781, 0.020256661829835588, 0.12598901447432836, -0.08354205635025823, 0.10046779552391295, 0.0046015565088665215, -0.033705440865554485, 0.018933291414907145, -0.0491496310868602, 0.10627966530636394, 0.039349300303605284, -0.1394302815771787, 0.03848245737188624, 0.040838679296552396, 0.04428364942352256, 0.04333309684181194]"
2024-10-17,"[-0.10306193352375055, -0.0325279643173475, -0.01352091724766866, -0.027521974964485725, 0.11372724710262903, -0.15802113874207396, 0.1617132274270747, -0.07891672570285005, 0.10028278645860855, -0.0837057476241339, 0.2568154381326459, 0.03291919703480185, -0.01851588166741997, -0.14936025396569752, -0.08322292749668457, 0.0961802959340601, 0.06846250115565178, -0.025930048807407416, 0.03796335204440105, -0.054439564788100414, -0.07099914052986528, 0.1366550673505425, -0.15962065180305682, -0.1136791181390645, -0.047827350049750354, 0.01939628482074917, 0.09423457890237198, 0.04417507968396481, 0.05428697717273261, -0.005255627604649736, 0.00800805461008258, 0.0013068791436902619]","[-0.07405274012995365, 0.01956423092925021, -0.08382673604672639, -0.058709849222232185, 0.08934929583675777, -0.0868014688760072, 0.0006516391742001831, -0.1755923824591854, 0.10221952232252743, -0.06558300852816915, 0.08879080024327396, 0.1526406483576406, 0.07828515641143713, 0.1426690950954169, -0.10920293583887167, 0.032101827198599525, -0.0417162428537502, 0.05043179985375595, 0.011967086876761797, 0.02261627689294021, 0.07886641471433602, -0.12823837060556906, -0.24689254728800325, 0.09882867782840173, -0.06815401721719949, -0.023964934092966912, 0.09224061476712007, -0.04782003188611313, 0.13943249546841396, -0.023901760810821612, -0.01487848048164366, 0.04867992436637948]","[-0.09372147354163578, 0.05592065710657315, -0.08509061057867563, -0.06147000900725823, 0.04669721853776124, -0.1163576162154822, 0.188029316385511, -0.19246664930907997, 0.08007929024688658, 5.93993513670479e-05, 0.11128132172872134, 0.08003722703609188, 0.09023927276496045, 0.0637929375111048, -0.06643620212223009, 0.006468757625990952, -0.04290943174478108, -0.055154551196319644, 0.0913328921021859, 0.06841460745203827, -0.07995694107466138, -0.09416122630730107, -0.14552767946484382, -0.0349972404887751, -0.03258707149091771, 0.11911514778244892, 0.10354924356125121, 0.03214808073652841, 0.10407227996609242, -0.03201886537563619, -0.03893463430750275, -0.06944744767041289]","[-0.29313033224849316, 0.042687462202536414, -0.0269685463418756, -0.008795821730478496, 0.09706458806736311, 0.03596823220795294, -0.040868541683330706, -0.040461920191464114, 0.11067382071246525, -0.01622937956161125, -0.0294315285428442, 0.025419736601131195, -0.028974860927253536, -0.0830033251354504, -0.14084231024969804, -0.005874775837999351, 0.08705546021211465, 0.020903078247437114, 0.12561295645184636, -0.08210218594348555, 0.10066032455278351, 0.011674959416016697, -0.033914185527948386, 0.018163760662925164, -0.04728862501587166, 0.1086149168769208, 0.04969988856729702, -0.12670558023160988, 0.03829126293169006, 0.0416300457275595, 0.04490247090800866, 0.04556895482336595]"
2024-10-18,"[-0.10040007342063748, -0.030289636835882733, -0.024803291554243975, -0.024150950210438327, 0.11596881276584634, -0.17202423211205772, 0.1642974649118489, -0.09105593278929391, 0.08644392174156833, -0.07890683785506597, 0.26072088476907723, 0.05140798029867634, -0.01392504005941878, -0.14573332668497357, -0.0870822405260309, 0.07706722349493089, 0.0660190746928709, -0.02009472893117491, 0.0453445306736783, -0.06549093804554659, -0.07453487783952294, 0.139976150201583, -0.17929692391959362, -0.10216294308969996, -0.042338143391466646, 0.029564407286489337, 0.09729282212941663, 0.04705391718625113, 0.07461980244423295, -0.026348424030951684, 0.01758133846023628, 0.005280210239293023]","[-0.07783753420826958, 0.016856952778644817, -0.07111087546144175, -0.0623907898034298, 0.08664131230377249, -0.0676878779047247, -0.0025981958185057968, -0.165347032684831, 0.09285354003856736, -0.07230846918621367, 0.10693135353463258, 0.133380170263473, 0.08305520234252672, 0.1387209481877274, -0.11182068727132045, 0.026179308203074625, -0.031880463388228135, 0.044767468911527726, 0.006098514544613097, 0.025504809108166323, 0.0696761911874874, -0.13125502378751666, -0.232921989537865, 0.10067934101970667, -0.0747800417078572, -0.0025812485664248926, 0.09074519838872382, -0.05000618068384959, 0.12338107275923742, -0.03270675952782166, -0.002424543164364694, 0.04418632913078313]","[-0.09392764928761653, 0.057029740842628504, -0.09225700905002189, -0.059774459415234515, 0.04634122231477689, -0.09961869517987867, 0.1884663719850694, -0.18689635660758508, 0.08456130911407171, 0.004339345802368598, 0.10203570138174961, 0.08357719346957732, 0.08067497651585143, 0.06436127790686537, -0.07397065533635676, 0.008929323237186657, -0.03615085930254718, -0.06230450898866598, 0.117730795206061, 0.061238112660823366, -0.07454952087578076, -0.09445408365396134, -0.15208571342390656, -0.031915096092710135, -0.04078881340763985, 0.11133669435184029, 0.10431372331369633, 0.031433822874376835, 0.09690821256919976, -0.027922736745316236, -0.04786595835092582, -0.06879570782799577]","[-0.2920504267333727, 0.043218273980184276, -0.03294913674731249, -0.009851192697083877, 0.09834354987739782, 0.04160097631873065, -0.04081130728324487, -0.034146576803707744, 0.11774488153909957, -0.04387100509506657, -0.031423112463845444, 0.03288695963067341, -0.02246099489851664, -0.08231433966051192, -0.13045014404000374, 0.003137629739678124, 0.09583668754895465, 0.02873449998647406, 0.11971061503922233, -0.08453411459755296, 0.09354506989117463, 0.011676783223491865, -0.0514271290922306, 0.013827501857755914, -0.04038702801470054, 0.1037764133340631, 0.048562372945820845, -0.12702179334752836, 0.035504070515533344, 0.050449955749745194, 0.04149647825433052, 0.04364558204234819]"
2024-10-19,"[-0.11048237257565438, -0.02931471922664383, -0.022514212210253997, -0.023132298009248185, 0.13490126982060463, -0.1691657682627506, 0.18314746260773196, -0.09061811396214192, 0.08741954852767088, -0.07735343056352853, 0.263386159302879, 0.05328537333608333, -0.013099214504847584, -0.10459431862366418, -0.08538066734755623, 0.07846503712561648, 0.06828828017277876, -0.01899583057356122, 0.0466085367454561, -0.0652866632190997, -0.07382378015382772, 0.0727484220894238, -0.18409902005745485, -0.10136325712907898, -0.03980852475199415, 0.0305907938905397, 0.09952208947615272, 0.04832199376692527, 0.07593702426139137, -0.024757449664732895, 0.019652391963721396, -0.018484742250936454]","[-0.0958494562691465, 0.015803854100830954, -0.07149113081934806, -0.06415933227108526, 0.12465152058227574, -0.06899773805380217, 0.008240148728758681, -0.16750854851778832, 0.0900665702310619, -0.07454923233733664, 0.10534684209403472, 0.13224349711974107, 0.08180232924154075, 0.09701746903296474, -0.11350653926448051, 0.025858562640969928, -0.03343049479794433, 0.041742288908769944, 0.004357397672739674, 0.024322669593337422, 0.06762465256193544, -0.10987151954678138, -0.20909751204304153, 0.09807965707815221, -0.07707107038493598, -0.004323554476294248, 0.0895062958861556, -0.05199947979806396, 0.12199439886168523, -0.03360531951181849, -0.004300776314121802, 0.051103550071035106]","[-0.10278512636128567, 0.05586136171322529, -0.09220412099579106, -0.05963260487579251, 0.062223085996117984, -0.10079398336094118, 0.1748446249582918, -0.18697592917102498, 0.08364606229939961, 0.004344968300207802, 0.10116725400119624, 0.08255839705344035, 0.07862824759386997, 0.06343932429106348, -0.07444009726175785, 0.008306915619929633, -0.037636414909724525, -0.06268487351606256, 0.11807677031011021, 0.060457893978275834, -0.07432969503412679, -0.1017710767016637, -0.14784380928564486, -0.03154140015675764, -0.040409460198126426, 0.10907683462163922, 0.10186420983272751, 0.032508430194740964, 0.09576782554763162, -0.02748859668929424, -0.04954757654613152, -0.04268744124774205]","[-0.2777684027845386, 0.04326080728823543, -0.03228277756563693, -0.01023562742450149, 0.10554797515724361, 0.04287341384377302, -0.031495592311433916, -0.031680603679938704, 0.11819952551947772, -0.04262797081392693, -0.03139952878003531, 0.03247548018185387, -0.022806393553508476, -0.08108079785813832, -0.1290865039763171, 0.0033877536593433107, 0.09583823228784813, 0.02995539382083037, 0.11985458649284124, -0.08483596476690093, 0.09364722807918693, -0.0024583488317285224, -0.07919254654119641, 0.013326612194334127, -0.039580072350358965, 0.10502618990169987, 0.049313276377506064, -0.12534450419552035, 0.03562470646409892, 0.05100936779150495, 0.043881087514136115, 0.03865399885976729]"
2024-10-20,"[-0.1071026619353132, -0.03865054596870409, -0.0606586345949485, 0.003323607136677638, 0.12490018451697377, -0.16139252330962964, 0.18690354977534943, -0.1236379076599944, 0.08275253434410482, -0.07081130567657262, 0.2738726111440752, 0.06333919650593495, -0.009432821097481971, -0.09185548115972693, -0.06382434985651171, 0.08264022182443431, 0.0696540399141395, -0.027443094339974227, 0.06269967027288371, -0.08668221206643793, -0.060612918356228854, 0.07508176108902254, -0.18129367782888117, -0.11866354427897736, -0.05099784709251982, 0.01065559332274091, 0.1117580897461648, 0.023878530589546688, 0.06429894809708422, 0.005073594712513552, 0.02766294849365985, -0.015435556263403441]","[-0.09909242309122383, 0.04154240720200935, -0.07911764126291093, -0.048832225055973504, 0.13366162313770513, -0.03051077049094192, 0.004467504998670472, -0.1816401815257103, 0.07941805719140552, -0.07917974970706393, 0.11006644123687132, 0.10277651266586038, 0.07891637963716126, 0.1281360983495896, -0.10555481988655396, 0.016994077988209448, -0.042559248364336735, 0.019920056425967992, -0.007897101466582674, 0.0435642098370746, 0.07931981187873528, -0.11411347729176596, -0.2121021540636625, 0.07284347891713346, -0.06780848188008304, 0.017080268568191174, 0.07387920747355721, -0.042534768249732194, 0.10929406486726972, -0.04303400019604649, -0.005700379787423653, 0.04779722194459981]","[-0.09865800422801552, 0.047363416375492295, -0.09636194891979835, -0.05298199770829185, 0.06896675796947882, -0.10534846959114273, 0.17634294511908669, -0.1929866151814164, 0.08737996582563957, 0.013484518500733835, 0.09511191429518298, 0.08807371396564467, 0.0815870904683734, 0.057643338357740666, -0.06531858848997883, 0.013208073164343003, -0.032307483318619504, -0.05730794919535714, 0.11194775807785527, 0.07856766288915733, -0.07886097315681814, -0.09881149141111871, -0.1457501673376299, -0.037539513985005615, -0.04587474709799319, 0.10332398342082638, 0.09533510670789819, 0.027103561872760685, 0.08919983368754197, -0.03342277058337378, -0.05338415812608413, -0.03972476236711204]","[-0.2809868691455511, 0.0485821749867861, -0.027961194679325955, -0.005524194230519577, 0.11185609613666066, 0.046807403082054354, -0.035763614132733934, -0.02684016260789217, 0.12325215735636641, -0.04836116935055426, -0.03593418828908139, 0.03840966582136855, -0.026643776671405668, -0.0766389354189597, -0.13199180656621184, -0.0032477591501616104, 0.10093070015492094, 0.02324077516090441, 0.12565321641407978, -0.07612348204886091, 0.09933189442503483, -0.0053878810495939615, -0.08309576655127035, 0.005864426870826694, -0.04641780972629173, 0.08693572043312466, 0.05513146716091419, -0.11830295298480432, 0.04038252747266108, 0.04601858952782438, 0.039402671753697424, 0.03742207584599397]"
2024-10-21,"[-0.11830148281373058, -0.039420667833563114, -0.06118665170607709, 0.00453120994297158, 0.12444434257208149, -0.16199472068840204, 0.15206710507487028, -0.12397089212520955, 0.08360817111534102, -0.07199943228940736, 0.27198658160106004, 0.06303936335673287, -0.007502721054403307, -0.09168427490411735, -0.0623434501277265, 0.08318395816209383, 0.06992929632847066, -0.0278058761694204, 0.06287845406944895, -0.08601732178791385, -0.06241169425255402, 0.11782737160013394, -0.20210955222109506, -0.11861421433153667, -0.05305751180298979, 0.009439158089854996, 0.11181695374594472, 0.022945597303024142, 0.0652464056545148, 0.0047466046602421255, 0.026933844499206872, 0.01379604633215435]","[-0.10113404091252459, 0.0427497434230554, -0.07693241122794169, -0.04939398742219953, 0.13439797101888015, -0.0288415144816934, 0.024754283491070023, -0.18150081167632498, 0.08125017354410978, -0.08081100038347772, 0.11113982736973796, 0.10321595884518983, 0.08813626546015785, 0.12895967111167297, -0.10666263864842412, 0.01603146008534791, -0.04214195584227225, 0.02035546771383521, -0.0075251250731698735, 0.044502928346874554, 0.07933569039702916, -0.14508179050900954, -0.17523617105691242, 0.07239382162929967, -0.06729375337773454, 0.01835980843065362, 0.07290795093662134, -0.04159236582019849, 0.10932307314287762, -0.04309481439035486, -0.006630025063915116, 0.006058310939740023]","[-0.10572291068159488, 0.04740576756119799, -0.09524462668067597, -0.05259011271083629, 0.0701772783572666, -0.10522191071232874, 0.1790329382655068, -0.1916961796139992, 0.08717191320963089, 0.013738464697930022, 0.09508235407528562, 0.08862740704685045, 0.07198253032794737, 0.05802208283325885, -0.06570657531626234, 0.013537813017013936, -0.03256325433116434, -0.054606388510808485, 0.11260840769488997, 0.07798199114766836, -0.07978105761207278, -0.09265058813836713, -0.14094383301422272, -0.035270703208099656, -0.045859550726863575, 0.10393709836550256, 0.09672795081600324, 0.02718958993281141, 0.0890399524278975, -0.03277159333462024, -0.053033826907428736, -0.04860042827731644]","[-0.2732210515733038, 0.04927633522358302, -0.02862419067691494, -0.007495747268137941, 0.10971905479131228, 0.04766787852309219, -0.03998589475973284, -0.02760369278879312, 0.1221046281195451, -0.04727710695965146, -0.037697475517236685, 0.03921976721495212, -0.018184156191987592, -0.07745820016237978, -0.1329217406973737, -0.0032544908962827655, 0.10034091670324738, 0.022803542175996727, 0.12457131541940292, -0.07769792183839393, 0.09932069050581246, 0.001977605168571486, -0.08511184975201272, 0.005722578315106384, -0.046577561633712954, 0.08666382368370347, 0.054863815059030666, -0.120100160836413, 0.03913655266058812, 0.04701116422456973, 0.039329884531800974, 0.03348168923201215]"
2024-10-22,"[-0.11542275809776288, -0.041267357694667155, -0.06118258882640609, 0.0020532845552100015, 0.12363330233289525, -0.16273743638365873, 0.15158314357277272, -0.12410474426122184, 0.08365274489308379, -0.07361579081928246, 0.2741157211997685, 0.0637295507972793, -0.006825311000642492, -0.09100413130145237, -0.06322786828306502, 0.08266106636768182, 0.0684857142773063, -0.027834969337447637, 0.06283218002440615, -0.08581086980321061, -0.061494155510530356, 0.11656330481016934, -0.20294736035151345, -0.11862982329684128, -0.053511141411155816, 0.022626035240108127, 0.10256517538605374, 0.02328732957183048, 0.06495545260199015, 0.00533783968253256, 0.027049749906346888, 0.01448471115942308]","[-0.10167431868512679, 0.04251091418821192, -0.0769893376481581, -0.0491394442004299, 0.1360868686406203, -0.028525610427115163, 0.024557273531997402, -0.18052159547917726, 0.08133165968360936, -0.08136196597199119, 0.11081329092944281, 0.10382587072274012, 0.08793410529932208, 0.1279765345000376, -0.10565216900867158, 0.015554804473473948, -0.04255408335885961, 0.020292774495453365, -0.008060926241873016, 0.044479838992666415, 0.07878346386379632, -0.1430810252391127, -0.17471273079218713, 0.07230110901585186, -0.06776692113161699, 0.026423202449724317, 0.06023779001596246, -0.04117201466303716, 0.10919455036648366, -0.04179150057511125, -0.006891229609519171, 0.0075908218625931395]","[-0.10492330531885985, 0.04754434062602765, -0.09486226907017592, -0.052111975480429486, 0.0693674471139138, -0.10593802974075102, 0.17923666687695217, -0.1906362726994586, 0.08585823844764552, 0.014541352899896654, 0.09363022025001705, 0.08707546949919974, 0.07010624041209401, 0.05804462563431626, -0.06588932851716096, 0.012173848133769287, -0.034069834961831386, -0.05479211133300819, 0.11114140013992312, 0.07721512469422422, -0.07811382204081649, -0.09258950445207564, -0.14203661145861665, -0.036328165851939855, -0.04457464005586313, 0.10804955648125861, 0.10044045773256173, 0.026065266425616174, 0.08923684583692737, -0.03352718484539161, -0.05121852921215639, -0.04811551616580822]","[-0.2740713627040932, 0.05096456768807556, -0.028627915159255134, -0.008812640055802972, 0.11000451910990369, 0.046852011462414245, -0.03933492612130325, -0.02810874572161663, 0.12394219854486593, -0.04781846414524112, -0.036783452190600884, 0.038948404887043944, -0.018909525884074192, -0.07620320212325189, -0.1320738874407323, -0.00228891785315505, 0.10148091777243094, 0.024521933194824503, 0.12507976706130217, -0.07713958175714966, 0.10028708917913065, 0.0020220353991312317, -0.08565618395024115, 0.005908114483422351, -0.046028982942686605, 0.08366856186078947, 0.0499198103819848, -0.12217156277819206, 0.038913010877748754, 0.04792845339134615, 0.03946268151991085, 0.034125274013070916]"
2024-10-23,"[-0.10254524984091593, -0.05459225047525898, -0.05898945366785761, -0.038137482900926466, 0.15146685439586707, -0.16739474448786623, 0.16638032690524623, -0.10595479001743774, 0.0771873573392278, -0.11197693699441513, 0.26915154998048, 0.06270107411894077, 0.025917841431010884, -0.08974832968870437, -0.07533421281904713, 0.09200727636149966, 0.06381048338001359, -0.05874076122745089, 0.09920666375789487, -0.08749970299451927, -0.09773904495768018, 0.12404746103414281, -0.19906240836318742, -0.10080581640293379, -0.04104121532661044, 0.03832899418456483, 0.08400919569421712, 0.054583801065012344, 0.05357343732329526, 0.0169999332371311, 0.008435452263421088, 0.0017546976928460613]","[-0.10471704941095514, 0.0336526518210312, -0.07069874028137609, -0.056566970102451146, 0.1419491497660446, -0.019781328225255367, 0.008150610905568366, -0.1621055589318013, 0.07882316406344543, -0.04938807238825321, 0.08248419873375593, 0.10291365838577644, 0.07472233151764505, 0.1298896456891942, -0.14071313454730636, 0.02916739188178281, -0.05833085996895568, 0.05833551930068911, 0.0033117246462920874, 0.013696383635610425, 0.09753495645712032, -0.10210920602378498, -0.1880982270257042, 0.0565095192790081, -0.054757740442479746, 0.03243746374924443, 0.04101527547244929, -0.04055180889159509, 0.11285779859239899, -0.07357208213655866, 0.02835506412378746, -0.0044157296443673175]","[-0.08974542813123398, 0.038513194224912506, -0.10267509356136309, -0.0609840359479464, 0.06946021308474397, -0.11388843135108734, 0.18140429912230993, -0.19719907922692362, 0.07655471730535823, 0.005628437285326964, 0.09611271027756173, 0.07778065427017952, 0.06274384968358308, 0.061019881513073755, -0.06049050516502675, 0.015722076805403624, -0.029305896064239407, -0.06299705607577266, 0.11397409537940939, 0.07981254272862198, -0.08683317051201693, -0.08779986911397542, -0.14114560592727463, -0.045202967210104174, -0.052342908674398905, 0.13645869625950915, 0.09304064024625273, 0.014987094548900643, 0.10402709678374654, -0.01805240131305472, -0.03544301656739331, -0.04313473467708242]","[-0.27631841989954453, 0.047543258571695717, -0.018963960086874773, -0.01344381710086999, 0.10596718424366643, 0.031214917911110588, -0.030436611428817997, -0.018586967060998667, 0.13261374525538794, -0.03934922017828158, -0.039789745021303, 0.034743592673604266, -0.033538608330419224, -0.0637358215766364, -0.13363058699677072, 0.006622795170668052, 0.07386872922837878, 0.03347447111678718, 0.1195022161607754, -0.06822697378864695, 0.08473857599574151, 0.010700507096270523, -0.10049534393012192, 0.003239509403007639, -0.04903779703219766, 0.07983492346667267, 0.056110656914528725, -0.12362812795540519, 0.04410532882753546, 0.05644886522020936, 0.04662089831549392, 0.0418318248153545]"
2024-10-24,"[-0.1026638711036359, -0.055051724017468065, -0.05865444758094004, -0.03771650138760663, 0.15194932025578892, -0.1658466091972506, 0.16590505045199644, -0.10618603445901151, 0.07601433688019486, -0.11202017866108809, 0.26921418610283415, 0.06089693641484297, 0.025832469535702795, -0.08900756927344217, -0.07548932308859889, 0.09193353607645288, 0.06411951319961275, -0.0592521882380907, 0.09875931413171236, -0.08773240600432984, -0.09782685874275596, 0.12420222820000279, -0.19871665873596722, -0.09920318150014656, -0.040817313041023956, 0.03836687628453005, 0.0835910445931811, 0.054431051953568524, 0.05489250378467825, 0.0160820283203895, 0.00811723329548002, 0.0018772355503878038]","[-0.10403562766980697, 0.03348458913947208, -0.06992743310528651, -0.056438811565277504, 0.14259864601715783, -0.02085273508327283, 0.00750939765369597, -0.16128606672900664, 0.07791913980601742, -0.050270868387058125, 0.08225788530332995, 0.1045051529258204, 0.07470957004037274, 0.1295818173464209, -0.14009730740947934, 0.028840545511126005, -0.05777596663538894, 0.05835975968038495, 0.002807426453628976, 0.01386553450999896, 0.09732045362744791, -0.10159838307639626, -0.18891522970189845, 0.0554857505513583, -0.05447290702316527, 0.032540385806804566, 0.040566300953137055, -0.0416772947832976, 0.11267658185315188, -0.0727840256780587, 0.028396801933752863, -0.00329308226568561]","[-0.0885536618242555, 0.03662433719908745, -0.10106327914060953, -0.05926587253633428, 0.07049625485710748, -0.11555464252828401, 0.18247199618662008, -0.1982720485838946, 0.07501374631136563, 0.007170810875242755, 0.09714871078633115, 0.07718542708928137, 0.061705436684853385, 0.06166293727249932, -0.06049367635958905, 0.015010988473155623, -0.028243430224911593, -0.06327860129228723, 0.11271273446219988, 0.08031754734379347, -0.0815013899320095, -0.08996357542018925, -0.14070080910003857, -0.04418533335068967, -0.053409146605028275, 0.13792519272416767, 0.09174306651086273, 0.016057501088439587, 0.10400418742234485, -0.017486429999077607, -0.04219678599417836, -0.043082192395975404]","[-0.2755887557724438, 0.04670938073562348, -0.0194216814282882, -0.013062328742664175, 0.10534274633129721, 0.03111497379616966, -0.029875699434841526, -0.01950789911264946, 0.13198354742117038, -0.038356547602014165, -0.0398041687800043, 0.03368608949681195, -0.03383052820711154, -0.06309071250306397, -0.13228130652880402, 0.006693104421973169, 0.07554932759038571, 0.031642923425325264, 0.11846890595058804, -0.06744960509921102, 0.09294819650679526, 0.01151484604667466, -0.10079962227016881, 0.0042284726911406036, -0.05034474878190982, 0.08018298190937594, 0.05596762689694711, -0.12438886165544231, 0.0445098525776351, 0.055985741569475826, 0.04039992629959336, 0.0408738222516344]"
2024-10-25,"[-0.09625731520747152, -0.05374382931718935, -0.054447824536519696, -0.036253112277745504, 0.17349035854198147, -0.1596908236937267, 0.13888114340027477, -0.10202795687030236, 0.0591609065787737, -0.1397697705658353, 0.2734927345148629, 0.08337885972841633, 0.03435888430767105, -0.10857493168238887, -0.0701526839653125, 0.09737497560423393, 0.06780780434192521, -0.05177016576573415, 0.10407832750091836, -0.08358829574948339, -0.09165529413393463, 0.13038668214463262, -0.18159065065659027, -0.10625081383096649, -0.054579756241824595, 0.02012988304455386, 0.07008737940930743, 0.04228732235734248, 0.061708270225145044, 0.023062381251037357, 0.01246861521056065, -0.0018013036666118258]","[-0.10803106079697863, 0.05166773737808964, -0.07775239521335561, -0.07725323653598537, 0.1418549535753694, -0.027286700825316864, 0.021382674704446904, -0.1671186559996392, 0.07441606909673698, -0.054671615924346384, 0.07541024049606253, 0.09899935926058237, 0.05766579132355815, 0.14885412295945485, -0.1457095021692565, 0.023374848954178455, -0.029353001768496752, 0.052512615857040514, -0.019379425901436334, 0.006159045869133096, 0.0925509013411742, -0.10798644546069343, -0.19587895427536467, 0.06233096212503197, -0.03955460919786661, 0.05323288061483987, 0.05268598138680988, -0.016818568628620776, 0.1070524674834515, -0.0785651321350538, 0.023727445138274284, 0.0014812072681762687]","[-0.09232114145163925, 0.03877746383654357, -0.10038782445931338, -0.06773581595625462, 0.07281310868852961, -0.11560081880199047, 0.19464101002652273, -0.1997720646933447, 0.10328793659222528, 0.020525083894343748, 0.09516076228322286, 0.06568282839376344, 0.05142122833836067, 0.06319162695498953, -0.06275968533099874, 0.01491670186306147, -0.003103550732942542, -0.06517715788537497, 0.10203178332573114, 0.08094399982523566, -0.08584951702098038, -0.09205761382393166, -0.1264701317908475, -0.05224737884432689, -0.05155801218365986, 0.13940353030648026, 0.07793232459900895, 0.004893948164803513, 0.10250957528538243, -0.01915702082640645, -0.0455871434939903, -0.04834803508220311]","[-0.275550202373945, 0.020220658514108137, -0.017804318671341888, -0.015098725958701377, 0.11266113605467032, 0.030856874887626375, -0.01584534555094789, -0.01908872543839968, 0.13064490086019315, -0.06344372426134154, -0.03742478591937359, 0.04433522727339769, -0.0479727227816665, -0.0656719846558542, -0.1324370817765881, 0.008156122117699015, 0.06236439949844199, 0.03336519070421958, 0.12675635354853812, -0.06503371703250975, 0.0935480269435652, 0.013349790437842865, -0.08948977041470198, 0.014804598402504816, -0.037831581815232294, 0.07831456773456895, 0.05144720738171874, -0.13685954562652494, 0.0458383560717895, 0.06158124606549305, 0.04204021726287725, 0.04926735851787397]"
2024-10-26,"[-0.09725533046004317, -0.05422393889718174, -0.05237368865524356, -0.036235297162597165, 0.17386996444279215, -0.16017169644268844, 0.13580932725752864, -0.10302548416743672, 0.061106038719363924, -0.14018221231831643, 0.30400158925851506, 0.08284470140689235, 0.034212772438836254, -0.10941619123037478, -0.07044024165586155, 0.09880457456373587, 0.08069981612423217, -0.06497398447886635, 0.10441843347838001, -0.08510686776231188, -0.09299172018251937, 0.12943052890018272, -0.1816260029585244, -0.10848596400458652, -0.05417464285234422, 0.02209674146787037, 0.0677642123035188, 0.0430989651718506, 0.06102266071109511, 0.001953287826769004, 0.011334689307330535, -0.0017850401499973762]","[-0.10740304905352786, 0.0523634012557368, -0.0788918841153201, -0.07765696328136264, 0.1423368869469058, -0.026934388458963437, 0.018659805867732564, -0.16572003822347597, 0.07630160968824527, -0.054700164716577966, 0.07735330569653123, 0.0992933778523081, 0.057317099381444504, 0.1505379512210897, -0.14481655909794433, 0.024102018411474583, -0.019988948364872458, 0.039207429849576814, -0.01955319242307393, 0.025861526307182338, 0.0936193449254321, -0.13977721951773445, -0.1956069736362454, 0.062418313429563305, -0.04172838559719956, 0.054285328909213476, 0.05468937132988354, -0.01781697732979381, 0.10937478197493943, -0.0741036704415508, 0.023944662973401042, 0.0030321982369820753]","[-0.09358256515852773, 0.03533618726670953, -0.09992502768070566, -0.0646270149272776, 0.07323851732346955, -0.1224307877265434, 0.19444757384144334, -0.2006754345453727, 0.10492360970870618, 0.02024453146726267, 0.09840970049902441, 0.06434190399806486, 0.050183099928896795, 0.06323517744013801, -0.06130901499917753, 0.030483891093846287, -0.013173064184720659, -0.06273822522834807, 0.10235454043394979, 0.08375362687582796, -0.08710662092495142, -0.1004288492936247, -0.12698900384266992, -0.05425405236906545, -0.050117509535909745, 0.13906022972825963, 0.07846043889647013, 0.005078738910128496, 0.10252135445200106, -0.014069045158207788, -0.04710710261644337, -0.04753980367265297]","[-0.27683579985409473, 0.022018341412667317, -0.014869689900961252, -0.016542103750661775, 0.11382552880446843, 0.014914002301747374, -0.016367928647593375, -0.02032312019832123, 0.1318815266650463, -0.06349554004887878, -0.028838393228477317, 0.04428007477159892, -0.04697377287681231, -0.06536049782346533, -0.13310960015920545, 0.01456637358714342, 0.057557516263674544, 0.043127991657440065, 0.12725560501867705, -0.06729745972319648, 0.0945285609279917, 0.011050941489152737, -0.09105411555119917, 0.019755364390973904, -0.037327005355019885, 0.07734375488130105, 0.051858701517828364, -0.13800337653273084, 0.0444290465866797, 0.056036476421830475, 0.042686499597770454, 0.0492820973546261]"
2024-10-27,"[-0.11516034941423618, -0.05011762849864071, -0.05926579952712155, -0.060927074558803994, 0.20116720534536564, -0.14441379438254756, 0.14097203876407702, -0.10603900643900087, 0.06502734446589026, -0.16347423406284953, 0.3083221348394747, 0.10184275700162504, 0.01742613253734564, -0.11104245692742075, -0.07087588649896623, 0.10607477560150128, 0.08568582699038405, -0.03430134348642532, 0.10916709017600308, -0.08103693372890519, -0.06466463464876543, 0.10509858692992344, -0.15686376471685914, -0.13655127781631113, -0.05036241214030226, 0.009586789566213647, 0.05242216483000605, 0.032909194921807335, 0.060804729440104996, 0.000496063834799944, 0.03302155421693212, -0.024927792614298314]","[-0.11366014959498702, 0.06769315254956002, -0.05897626889664556, -0.05550767133853053, 0.16670380305909582, -0.03145213368840492, 0.013843609670261884, -0.17030665967886877, 0.059182277264422864, -0.048720787493459025, 0.07209942801831393, 0.07019463254355394, 0.06587929138062167, 0.12067903879554337, -0.1467488759818995, 0.0284912067945773, -0.023217919303403278, 0.02441921178228247, -0.0011765026890732059, 0.022853537993757528, 0.09339263574881733, -0.1381508700372547, -0.19357674701922006, 0.03373098178801983, -0.04251240803965088, 0.03237284248434865, 0.05116614420500133, -0.0015420812311485595, 0.1336948846815039, -0.0991117258227813, 0.03954453956125856, 0.028719582494386893]","[-0.0983729207545301, 0.0393280080631691, -0.09713235817568378, -0.06991241574552777, 0.07955602892053765, -0.12674835868966658, 0.19371343058129684, -0.20647678771055022, 0.11026250150177531, 0.024655519578577628, 0.09868778841384264, 0.0816395397085302, 0.05408486202172682, 0.06945207544911793, -0.055473030856225736, 0.023679012190394304, -0.013669639183384976, -0.069412046540788, 0.09252121727904036, 0.08462133562562286, -0.08329677768928051, -0.1062900094141846, -0.1307116589125309, -0.05844565424576183, -0.05779603357631801, 0.13039047102260706, 0.0692787784288544, -0.0014406531034609955, 0.09411149482195513, 0.0010658889260815188, -0.052286898003432426, -0.019582709931803385]","[-0.263107018393099, 0.0312843411775866, -0.020367355563998758, -0.04668624407973278, 0.11974446322598797, 0.0114015992337399, -0.018640262015049012, -0.015195672731809494, 0.1346592311389575, -0.06801149186330673, -0.027565363845712072, 0.048111018569219226, -0.04028501823643606, -0.06978857543799673, -0.12899505768019254, 0.02390016031720463, 0.05489012597943034, 0.025142089526048458, 0.13253154661772273, -0.06847210833666191, 0.0918725366527061, 0.020014738988926264, -0.10897623667164828, 0.018371044346470702, -0.04368134393999705, 0.08269444069018347, 0.045599496637338005, -0.1419716837441623, 0.051094040167164505, 0.06145948150127331, 0.050609921141614424, 0.05836315662822854]"
2024-10-28,"[-0.139142950998784, -0.05168364133435857, -0.06022818571016095, -0.06314026378742978, 0.20043295125529556, -0.14469232135135457, 0.15301742659213152, -0.10821231235733116, 0.06461788365626747, -0.11901995625966975, 0.28690502130520107, 0.10065283928080529, 0.016426176199666954, -0.11179859535814955, -0.06945054251780033, 0.10450583273102795, 0.09019260433966221, -0.03612581666391209, 0.10836005510285614, -0.06609785455157476, -0.07179916378972083, 0.10435170144538833, -0.15860357590043797, -0.13937859720106865, -0.050945130824460484, 0.011248747699479825, 0.05155482163735216, 0.03267474927511411, 0.059749636812652336, -0.0010659366254414716, 0.03224895586302152, -0.025554557964267574]","[-0.11614939008070034, 0.06808025098123598, -0.0574925779842605, -0.052386482964179394, 0.16919975234915743, -0.02930600784922765, -0.0004833074878092251, -0.16910735644660962, 0.05968487008639432, -0.027751034946813535, 0.02818650107414856, 0.06992673232632471, 0.06675264316658824, 0.11990868000484042, -0.13999398984602693, 0.029805918444386202, -0.002108565101264682, 0.024547770823701714, -0.00040011855389328186, 0.01049122025113847, 0.09188490440053082, -0.13526015900707722, -0.19272014307571994, 0.03420994958110666, -0.042652116401381585, 0.033775375464168526, 0.05248758055835205, -0.0005775857055927828, 0.13554285053592147, -0.09675791391063746, 0.04016800989651926, 0.028493739416679268]","[-0.1034544914683459, 0.03954008395823116, -0.09575122615417575, -0.0679868264003633, 0.08252023330298056, -0.126876046891397, 0.18661241572373816, -0.20531559272445776, 0.11118245785000795, 0.017738923819030483, 0.08896482329813744, 0.08474205909312056, 0.056411844000743554, 0.07216717082107951, -0.05022128754316043, 0.025222086435944008, -0.012103921932996657, -0.06794542612946632, 0.09496522397711638, 0.07759758072056638, -0.09288917757582849, -0.10449773698268361, -0.13084152325424583, -0.05612196962531718, -0.05666787282577645, 0.13222425864518353, 0.07061056932354842, -0.0014305863723054516, 0.09450665149045535, 0.0033570497808946523, -0.050299539074966135, -0.015960207285291947]","[-0.26596856522030826, 0.03079530386291802, -0.022123977845897508, -0.04862002234812735, 0.11800748981452694, 0.007649037202750997, -0.00983487284575545, -0.012302810697846738, 0.13262023293928585, -0.0649108160903159, -0.018282391428567527, 0.04348922089800509, -0.03912768356315142, -0.07025451024011503, -0.12184219551419165, 0.022237738163486818, 0.0591523607274291, 0.024686018244116745, 0.1311680462323116, -0.05844427348086984, 0.08722224902212893, 0.019046062962089137, -0.11383418902457751, 0.01806953518604312, -0.04382312446555685, 0.08118288429460134, 0.04413832381216673, -0.14551511123769978, 0.04773750480625228, 0.0596990955905123, 0.05081859637788849, 0.057164843866467405]"
2024-10-29,"[-0.13295990963830365, -0.04467478725097099, -0.07083035787717806, -0.08695372585996736, 0.19205795502736586, -0.13127215547166032, 0.1260001394963933, -0.096050988064441, 0.07061021828880443, -0.11430849735195715, 0.2588054511131334, 0.09085228614257615, 0.021255098951655248, -0.10635515797846147, -0.06380944164290785, 0.08794697962440341, 0.09564182999247772, -0.030612882999060793, 0.11602830171011447, -0.05918758047098151, -0.06474189639678025, 0.1113529575921438, -0.14989435075778934, -0.1331018108413639, -0.045047057116854035, 0.015466049649957748, 0.07505034063215357, 0.02308533599515347, 0.06617676371348105, 0.008296252134101494, 0.03940814687504485, -0.06823350722028226]","[-0.12285561037954622, 0.06108834702043071, -0.04576308968884889, -0.06091103243316031, 0.1618156276777482, -0.0011513998682503434, -0.014493529011148448, -0.1412224552051263, 0.052030808271217026, -0.034244228731522754, 0.017374038831407073, 0.07987131073141295, 0.05989095756738973, 0.11319823833267553, -0.146508164947402, 0.025452007068646972, -0.0075498894295948716, 0.017338068338454183, -0.005614093419020218, 0.0029258155205756607, 0.08584249784638945, -0.14268226559757902, -0.18158562274884044, 0.02697285476246101, -0.048226872977438835, 0.052165393371109675, 0.09469330627770574, -0.008972039445311764, 0.14444206009785238, -0.07189828097191885, 0.03432894457215277, 0.004248298567080125]","[-0.10527635912598737, 0.03928160202906761, -0.09135640163905497, -0.0751098337465241, 0.07433631129508317, -0.12040763181396487, 0.18934581385136506, -0.2007807426667921, 0.11145561740499757, 0.017015563367973868, 0.09273976085509238, 0.10052985138450167, 0.056283016077570754, 0.07148604061231321, -0.049607218213105896, 0.030493107132270984, -0.011441729220820162, -0.0682178189547907, 0.0944502903868752, 0.07762743680195129, -0.09104790677313383, -0.10479206910604989, -0.12713386033721413, -0.055392449130886506, -0.056745662832019324, 0.12256907984705841, 0.061230522925915, -0.011155025471196301, 0.0859067838454034, -0.006844831125277159, -0.04895205669673803, -0.0004892009638843151]","[-0.26653034952337856, 0.03111114895471511, -0.037124712296813446, -0.040831623792408046, 0.12692325300658158, 0.0069018173590224986, -0.015081963779723201, -0.015675500367504838, 0.1322877374950049, -0.06438004264055189, -0.02462165924111298, 0.03902095590177296, -0.04058591800039037, -0.06927700398963946, -0.12173175803254785, 0.03022476081690159, 0.061082243004922814, 0.025117441015154278, 0.1302446047336231, -0.05785913374391936, 0.08550900219745083, 0.018931696559087174, -0.10365458246868607, 0.01805784647559428, -0.04313485903063346, 0.07794323224897749, 0.028567498966024393, -0.1481842165108456, 0.054992311451348044, 0.06533729005468196, 0.050587328680363884, 0.06583315449692825]"
2024-10-30,"[-0.1471939049036886, -0.05141406588302269, -0.0714952947385221, -0.08877867508447522, 0.19131003776950384, -0.1316045654722064, 0.1246725123921242, -0.09671399716595037, 0.07068224930809035, -0.11400514378186681, 0.258367292536999, 0.09093362923499133, 0.019292170557413935, -0.1117386288643197, -0.03194534165190801, 0.08748781233420393, 0.09629667093496637, -0.017350451905591813, 0.10005431245606197, -0.042879275092796085, -0.06937938622990898, 0.103807977416887, -0.156226272346945, -0.13004924885655259, -0.08103272057454351, 0.015359814000473796, 0.07403430113225795, 0.02112914282400804, 0.0644472927668806, 0.008463148531067161, 0.08543113019908084, -0.0699625218427125]","[-0.1370031387978586, 0.0677445472136146, -0.045724605829980496, -0.061007121735177146, 0.16311107690663365, -0.0019508733711800722, -0.014730241468425458, -0.1409791127438757, 0.05300464797333427, -0.034818899161506246, 0.01858137051668613, 0.07952895014879627, 0.06681886297963308, 0.11938843262038747, -0.15052863553186213, 0.02651914482918216, -0.008233683331051615, 0.031875521594529596, -0.051767393912427885, 0.039705275846516404, 0.09325396444821817, -0.1391178943767208, -0.17798300999821418, -0.00413702853180593, -0.0625758284760445, 0.05431414917339407, 0.09693408435529954, -0.009079362660547045, 0.14484919583235364, -0.07142681745145922, 0.05095695335182465, 0.004477469587733242]","[-0.08890692728570974, 0.030489729234817325, -0.09192218470707879, -0.07604757542253882, 0.07353198337802964, -0.11975493791428482, 0.19309682595621055, -0.20232694535323736, 0.11186958222443832, 0.01586738298199408, 0.09227248857884146, 0.0998514133059487, 0.046429682029241054, 0.06258587395124336, -0.05953714618732142, 0.02859821366966502, -0.012363412601753436, -0.06651866955802231, 0.09842748050433593, 0.09159532974945603, -0.09907363319196623, -0.1002137220144237, -0.13546648388879343, -0.029967852891039815, -0.05229363866479849, 0.12128264419748545, 0.05974954668171481, -0.012602685052869302, 0.0852887280000004, -0.008785393216815447, -0.055555057494485346, 0.0003993610017163902]","[-0.2676983817879108, 0.03888109388360842, -0.03575784088467106, -0.03853584463378507, 0.12805352827059624, 0.007526694811335878, -0.01179678861922309, -0.014978956987071032, 0.1323921222820302, -0.06398278575201778, -0.02394810619363609, 0.03939160816945544, -0.03325002745923038, -0.0732175451358015, -0.14960307400445874, 0.03027908300276137, 0.06189440519422509, 0.007926092157607824, 0.13743688175577723, -0.06240179155930326, 0.09296578866603142, 0.02944698689464289, -0.09398088132965259, 0.02546280858444919, -0.05543914022582642, 0.07673779804464669, 0.02953841148991682, -0.1469046314780144, 0.05405421806841768, 0.06602821242667065, 0.04593945858584915, 0.06754060376257996]"
2024-10-31,"[-0.14485536750245864, -0.05004832065916401, -0.06997432236725289, -0.09293590075382688, 0.19387589584293613, -0.12886175486704868, 0.1302570222434772, -0.09758060834723359, 0.07321350510890869, -0.134516376148277, 0.2615315657336875, 0.09389172186067744, 0.015267266702393204, -0.10887419141572206, -0.029223545548232966, 0.090197622108269, 0.11409379173067928, -0.013939955645786728, 0.10243386834085377, -0.04163631544813722, -0.06627466515354558, 0.10624598173562984, -0.15411370006819214, -0.12768047847911967, -0.07927612077197763, 0.005503336790737554, 0.07561254076413321, -0.006148595577366548, 0.04318994480535365, 0.009381728879426647, 0.0868230897351115, -0.055578663628932407]","[-0.1386140603418578, 0.06542494252549498, -0.04778052088078375, -0.034019678722573055, 0.16081351285825662, -0.004311098969370694, -0.0034160574534285856, -0.14195411955429849, 0.05020949443598158, -0.05058513616123127, 0.017668800910490792, 0.07672067827996562, 0.0671795883338667, 0.11764926143793329, -0.15212906476669247, 0.024928448198641966, 0.011402299240211015, 0.03133554435006934, -0.05388605217516349, 0.038259105568583314, 0.0901852112150822, -0.142765414946574, -0.17986806509009862, -0.007638480854312817, -0.06441705685750944, 0.046485415036613485, 0.0946583397666801, -0.0058745045016569365, 0.12773887505906284, -0.0667155786980192, 0.04874516653203275, 0.02457020622460394]","[-0.08943513036051308, 0.030875947163721912, -0.09168152530237378, -0.08432131514308198, 0.07236295453101876, -0.11709233789282382, 0.19398321365140728, -0.2094905764887052, 0.11078672349991137, 0.030735649701230737, 0.0928389223687333, 0.09800987740683335, 0.04918360092744301, 0.060473370561850176, -0.062191907951847133, 0.02659641938227334, 0.004661064048576599, -0.07464172015232373, 0.09825026141497223, 0.09058861671533386, -0.09861306945154784, -0.10077755653306601, -0.13514286702964556, -0.03154722260395729, -0.05298036232909143, 0.11125392786754626, 0.059408323291398696, 0.0006478191526853072, 0.0753852265951339, -0.005833348491528498, -0.05501492318421035, 0.002721944634645642]","[-0.26968683967756596, 0.040652339847440315, -0.03472935190668137, -0.05246861216693933, 0.12999994205252968, 0.007330028008088504, -0.0016583743302201529, -0.007408395902700495, 0.1324205223521373, -0.06737894515913245, -0.02268245638856156, 0.039749026437380534, -0.03745675456406505, -0.07168359773183931, -0.14780429856831273, 0.0309341648124009, 0.07188725242313375, 0.016559251445974095, 0.13888828638936473, -0.059163381627320474, 0.0935131640558847, 0.028505548714255233, -0.09309332310766083, 0.0261911572999538, -0.05584475568253787, 0.0749661972352845, 0.030164861918866602, -0.13774140344250108, 0.037328117159366625, 0.06153741949072454, 0.0460879343489676, 0.0520852762642853]"
2024-11-01,"[-0.1416088436770193, -0.07221223126911029, -0.06765900120016476, -0.08881337819550414, 0.1979280178181964, -0.11826879678576831, 0.134105083792629, -0.0937734953424857, 0.07616994015931354, -0.12974331074869452, 0.2528954165304742, 0.09720682577535372, 0.01862673615554072, -0.10539481582236344, -0.06569305971305948, 0.07805589091461856, 0.11859856882117674, -0.010409077568366893, 0.10783177218145618, -0.03685434216358505, -0.09160249039384709, 0.13468264385346246, -0.14195286490983267, -0.1418635968362349, -0.07829030373231859, 0.008921736758541675, 0.0548873961753892, -0.0022812165812335808, 0.04637778691086474, 0.013968999259625303, 0.09795989486618414, -0.05179588503323786]","[-0.16681470520304562, 0.05936169549786357, -0.050193391791829814, -0.038482774653810836, 0.1823362243406394, -0.017082478938530488, -0.007666217862340457, -0.1450570889533059, 0.04750228783450692, -0.054168065215163236, 0.029796469166860413, 0.07444278673138585, 0.06381759698435738, 0.11413591764222192, -0.16417441489313334, 0.03360667589562166, 0.007591138351541791, 0.02690895921246195, -0.05756138490947926, 0.03509191402467935, 0.08770034097963972, -0.14503594047556595, -0.19106055767140365, 0.012994228671241417, -0.04037816150492605, 0.04393282664087466, 0.10691920460495981, -0.009432207898186206, 0.12393248992792497, -0.0692105180478898, 0.0851571224230633, 0.021090029088766494]","[-0.09615516352007031, 0.03545935185774127, -0.0928034995860761, -0.08422963904134381, 0.10018904994519262, -0.12515987395447856, 0.19435878006712168, -0.20683833322845463, 0.11191820063689754, 0.03106159711383735, 0.08578406393928904, 0.09881846759193692, 0.050277576192227114, 0.061912429041821246, -0.056209890806788225, 0.030272527604284272, 0.005401033974498845, -0.07497641407729165, 0.0990825543393405, 0.09053204916343364, -0.10677408435587121, -0.11087814639279775, -0.12899548886710413, -0.039250502682711144, -0.058896777203594514, 0.1119463886472581, 0.05066862778056383, 0.001730185238663179, 0.07616546066559234, -0.005394513074046234, -0.052056453486868555, 0.003040436477797362]","[-0.26040995290895863, 0.012013295037755941, -0.034585805807622966, -0.054098423001521914, 0.12403268431013112, 0.001128766898790617, -0.001538406937489747, -0.0075614152421903886, 0.13210106434125438, -0.067483514103721, -0.026009725242120686, 0.04017384438898677, -0.03773421932871051, -0.07406866220843258, -0.15112137439221482, 0.03903981995488433, 0.07069674842913364, 0.016722206729849868, 0.13779365959456918, -0.0583366338885173, 0.09881171384129098, 0.03486805024258075, -0.08578709234741475, 0.03365770646363653, -0.04839067427137663, 0.07539241302380402, 0.03719211417800877, -0.1381682606514127, 0.03665900971766153, 0.0600636356117793, 0.04159222956763848, 0.0533551979999484]"
2024-11-02,"[-0.13589561925916147, -0.06714042107964319, -0.06112746908887171, -0.10992379316153338, 0.2030059143235719, -0.11235073831886323, 0.13873058186428602, -0.11530622929125964, 0.09524567808270294, -0.12545960696664518, 0.2579566729800475, 0.07453555633960353, 0.023565954393320678, -0.11482762526533866, -0.060443091140583056, 0.08344083613113192, 0.09847841998825231, -0.015283370271848852, 0.06776542068572321, -0.041829765511622874, -0.08578091171118561, 0.1384943397879716, -0.13799658134604595, -0.13659703488383243, -0.07258276378980417, -0.018984620411276923, 0.06003864972595861, 0.0033665023753717115, 0.049912690897199415, 0.018335966455691993, 0.10286457069158132, -0.004208113224898486]","[-0.17232043113144746, 0.052952719932245124, -0.04500879513515422, -0.019456161634984703, 0.17792473174419585, -0.02310154852264574, -0.012133944431101445, -0.192752426503879, 0.0691380641814, -0.05927467737961632, 0.02530730176116672, 0.05403221730210407, 0.060019707094446165, 0.14107842030923443, -0.1697395086841942, 0.02983282920538486, 0.028474441468580393, 0.020089403448536353, -0.053357808068799535, 0.07603465512159642, 0.08245001102640187, -0.15071984085902923, -0.1967708076369795, 0.00927355791999556, -0.04501106046240878, 0.05425252853837046, 0.10264917549018919, -0.014017463728425357, 0.1198143283427605, -0.07405056862488844, 0.07972879064051663, 0.04466215927642935]","[-0.0953641164823822, 0.03384407820008085, -0.09015708002098555, -0.0923591282339645, 0.09977021018915032, -0.1235406613531849, 0.19350578681807282, -0.20244572394999752, 0.10340264845403904, 0.030075793579144458, 0.08584589297577132, 0.1132505844372712, 0.051175502888529026, 0.05259208479291783, -0.055967788127812675, 0.03200584736913345, -0.0036157344949020002, -0.07023805185821858, 0.09991085986186801, 0.08299801598080968, -0.107126222288611, -0.11253317629812562, -0.1300774434209517, -0.03857673112523307, -0.05755019148925871, 0.12429576382215143, 0.04991559985712552, 0.003481627668559422, 0.07587726110142301, -0.007106885456994937, -0.05127548507733959, 0.005986861681915163]","[-0.2615901281978736, 0.012986996857608327, -0.037371047692865984, -0.0465892219290864, 0.12585772468972442, 0.001982559782861317, -0.001179712320144599, -0.009900768611834181, 0.11517828761683727, -0.06634264869274036, -0.026363015509385395, 0.04939414701772762, -0.04005425549287175, -0.0872161155737664, -0.1514491777661267, 0.03827723624824161, 0.08014070435962385, 0.013591622543641203, 0.1442721021932074, -0.05913535523818626, 0.09751939653809095, 0.03591406221852208, -0.08768080836019969, 0.03199587532545587, -0.04872210613216848, 0.08537124738343607, 0.03762596131001293, -0.13669151840870833, 0.038982205890901775, 0.06141274459890333, 0.041331262262104394, 0.04845174308905768]"
2024-11-03,"[-0.131581167307854, -0.042289238953052026, -0.05444127315493081, -0.106106679374893, 0.20778606307524136, -0.138860951642028, 0.11468872346597041, -0.06722462845879663, 0.08391819957362391, -0.13154628714254887, 0.2624217070723807, 0.055708045699152636, 0.020346640822474685, -0.1107200516399163, -0.07309169894897746, 0.08155243455073073, 0.10299895689818248, -0.011564938403298386, 0.07218697991993847, -0.041211345560710086, -0.10663564938912484, 0.1183047772551428, -0.12859837769574553, -0.15137723449106197, -0.09148107566381351, -0.014898547558368398, 0.0680855412161574, 0.027381716860809906, 0.044559213492044274, 0.041510306607471674, 0.10066145444424747, -0.0004816155684490549]","[-0.17548783548663618, 0.07417104781395756, -0.038868484212567, -0.023809754473267556, 0.17321246402343576, -0.01959755855202492, -0.010793232190931458, -0.19039646558033, 0.08830114139288785, -0.06711034653672203, 0.020969207997131006, 0.06575749571548721, 0.0878623887885645, 0.1376116240702365, -0.14818285310634083, 0.052238681842728577, 0.023864671338748575, 0.015444243200763413, -0.058801384308399665, 0.09022894298326636, 0.057559794314409066, -0.13841841642427652, -0.19193602261959242, 0.008037811122790051, -0.0531021558369902, 0.05023927895745822, 0.12132191167154133, -0.04044961817816803, 0.11253592350079197, -0.09457786185785669, 0.031146572664475854, 0.04102878796542958]","[-0.0955056019464413, 0.03411475046006366, -0.0905843311817701, -0.09522343582299934, 0.10038521862386934, -0.12357920699588028, 0.19390978940071096, -0.20205345330579247, 0.1017893580740621, 0.03007369157335762, 0.08502634795013281, 0.11259011731525524, 0.05241375923519633, 0.05268231389954059, -0.054932135714790865, 0.030601231447677815, -0.0034932057663994436, -0.07064267436732181, 0.09992193054740936, 0.08469152751916759, -0.108448746145307, -0.11203059363653174, -0.12889825955714557, -0.035871267049052115, -0.05759840843750982, 0.12492408882886985, 0.049091866409867464, 0.0036279444672624463, 0.07566470996995246, -0.006969816247100792, -0.05083932328800482, 0.005161813739651815]","[-0.2625585798981362, 0.01511798620135325, -0.037755847052871924, -0.04531740204569512, 0.12491463409827584, 0.001982520864333816, -0.003147519207843923, -0.010134545465535681, 0.11313714274838521, -0.0661366642020292, -0.02527896408906514, 0.04927431617510941, -0.04065315433469784, -0.08630502418063221, -0.15117595371818235, 0.03881095790106911, 0.0812844079701252, 0.013376408136720114, 0.14440867289474615, -0.06035802662956654, 0.09801194945813431, 0.035716434236266005, -0.08774505903467503, 0.03112158778867005, -0.04902972017404685, 0.08456129046489971, 0.038372317919886725, -0.13639716748796077, 0.03801898017269574, 0.06206946627008864, 0.042706944596961456, 0.04910760962321802]"
2024-11-04,"[-0.10680439546778482, -0.02801607631566208, -0.05541971992210881, -0.09847522750790898, 0.21519262036493134, -0.13254687343722052, 0.11214426738748211, -0.06851919562413268, 0.08318310419912964, -0.13298561468245793, 0.24152965324747916, 0.052873328858904584, 0.018785315210223797, -0.09244911835098678, -0.07596495080785749, 0.07960314235521194, 0.10233578431363365, 0.011574003691949875, 0.05940486047332997, -0.04459962314002236, -0.10881185895053416, 0.11801334175163779, -0.13151240176606824, -0.17243361618619502, -0.09098485319031263, -0.019212851738587285, 0.04881050869811689, 0.027080250183369372, 0.04458743899664681, 0.0388917324486633, 0.10578209446953825, -0.0010550695624086445]","[-0.18445861985416248, 0.09523643481244164, -0.037507338049068265, -0.0040793498619462075, 0.1680189114831708, -0.04135135650205489, -0.010177398586994185, -0.18836481724504361, 0.08930600758599888, -0.06491547716811938, 0.013960647851835793, 0.06848514008996465, 0.089353541223707, 0.15709367911451985, -0.1463737523971194, 0.05401259936591019, 0.025811009202761522, 0.02890751310223946, -0.08383138722745459, 0.09291549020668621, 0.0588222942180948, -0.13675849763237116, -0.19059936963960825, -0.007181409163581655, -0.050814986630975556, 0.0505880714073865, 0.10341530189484663, -0.039652576098383706, 0.11372042959322905, -0.09225971634745235, 0.02329879560348364, 0.04538018564805911]","[-0.09654450373917214, 0.032575562458233745, -0.09059780162832545, -0.09549789625808837, 0.10105506631824708, -0.1252295424376367, 0.19337464374732294, -0.20062425192933747, 0.10247938137389165, 0.028573016101236977, 0.08487548071397573, 0.1115472472576022, 0.052926377402815084, 0.05430423313616795, -0.05605820595772307, 0.03007657622080331, -0.004499085962999799, -0.0699896593891539, 0.10023135142744762, 0.08515670766943213, -0.10927143926952693, -0.11192619982385223, -0.12985494618932428, -0.03761283348374215, -0.0552765635015318, 0.12594442390199445, 0.04978183416286528, 0.002797483940636851, 0.07558002802001274, -0.004989047905913004, -0.049693539360700575, 0.0063861029843420266]","[-0.26551522035030767, 0.015197559190313075, -0.037093173871276745, -0.044437568844636614, 0.1253423013062156, 0.0017095264358294052, -0.0038487509833454894, -0.010767551675855072, 0.11308990429147252, -0.06541131398372121, -0.024002569689869427, 0.05049996824280912, -0.04200259797567033, -0.0874685378690627, -0.15036863274695686, 0.039942558421034516, 0.08165296173007855, 0.013344782904497558, 0.14424589289267786, -0.05949731913203278, 0.09833790461102929, 0.035077548852192796, -0.08723958350870598, 0.02907114143936733, -0.04960655870505113, 0.08705838082713852, 0.03921853832950549, -0.13729207211189215, 0.03813476394316688, 0.06165556013351363, 0.043353512182387886, 0.04761864571515415]"
